1, Delilah, Upcraft, dupcraft0@skype.com, Female, 85.139.171.127, 
2, Rosalie, Trenholm, rtrenholm1@rakuten.co.jp, Female, 19.171.239.139, 
3, Lonnard, Rentoul, lrentoul2@reverbnation.com, Male, 251.104.204.114, 
4, Chandler, Snufflebottom, csnufflebottom3@theatlantic.com, Male, 174.187.172.120, 
5, Heinrick, Broadfoot, hbroadfoot4@furl.net, Male, 17.243.229.203, 
6, Joey, Yurasov, jyurasov5@aboutads.info, Male, 24.115.146.34, 
7, Diandra, Siddell, dsiddell6@rediff.com, Female, 12.90.241.254, 
8, Rhianon, Dampney, rdampney7@vimeo.com, Female, 220.242.159.208, 
9, Shir, Duker, sduker8@canalblog.com, Female, 13.143.195.151, 
10, Agna, Kearney, akearney9@networkadvertising.org, Female, 121.85.92.197, 
11, Andriette, Gigg, agigga@sitemeter.com, Female, 116.224.66.52, 
12, Brooke, Luther, blutherb@cornell.edu, Female, 119.159.183.244, 
13, Roslyn, Keneforde, rkenefordec@google.de, Female, 197.124.174.91, 
14, Janelle, Tallant, jtallantd@cam.ac.uk, Female, 7.168.49.165, 
15, Willem, Annetts, wannettse@zimbio.com, Male, 28.117.255.172, 
16, Demetri, Boij, dboijf@craigslist.org, Male, 91.26.9.105, 
17, Vinita, McGeoch, vmcgeochg@rediff.com, Female, 204.50.144.182, 
18, Sumner, Ollerenshaw, sollerenshawh@timesonline.co.uk, Male, 150.20.88.164, 
19, Ludvig, Skaif, lskaifi@printfriendly.com, Male, 45.207.150.80, 
20, Griffy, Strathe, gstrathej@amazon.co.jp, Male, 151.191.101.100, 
21, Anstice, Dodgson, adodgsonk@freewebs.com, Female, 96.216.225.29, 
22, Jarrid, Gerlts, jgerltsl@mapy.cz, Male, 134.191.235.163, 
23, Lem, Deguara, ldeguaram@pbs.org, Male, 180.183.79.237, 
24, Demetrius, Quick, dquickn@admin.ch, Male, 30.172.182.134, 
25, Ketty, Ponde, kpondeo@ucoz.ru, Female, 126.38.25.70, 
26, Artair, Miklem, amiklemp@qq.com, Male, 253.52.217.28, 
27, Devon, Jeaves, djeavesq@oakley.com, Female, 248.165.242.97, 
28, Oona, Phillcox, ophillcoxr@chicagotribune.com, Female, 98.223.37.99, 
29, Martynne, Littrell, mlittrells@wunderground.com, Female, 148.204.200.237, 
30, Querida, Rickson, qricksont@squidoo.com, Female, 64.103.219.80, 
31, Sara, Dawidman, sdawidmanu@blog.com, Female, 37.175.143.118, 
32, Mar, Tinwell, mtinwellv@i2i.jp, Male, 23.19.16.105, 
33, Huntington, Baumann, hbaumannw@wikipedia.org, Male, 81.77.52.87, 
34, Quintina, Brealey, qbrealeyx@wikipedia.org, Female, 169.248.129.243, 
35, Bernarr, Cuberley, bcuberleyy@bloomberg.com, Male, 194.95.127.38, 
36, Zacharie, Powys, zpowysz@reddit.com, Male, 201.90.33.59, 
37, Dido, Knappitt, dknappitt10@plala.or.jp, Female, 115.201.220.79, 
38, Britt, Muffen, bmuffen11@slate.com, Male, 183.173.65.198, 
39, Franky, Duckering, fduckering12@twitpic.com, Female, 112.53.113.255, 
40, Florina, Ferfulle, fferfulle13@cbc.ca, Female, 40.43.110.4, 
41, Rikki, McDermott, rmcdermott14@exblog.jp, Female, 116.149.171.145, 
42, Emmalee, Gerhts, egerhts15@indiegogo.com, Female, 106.176.166.241, 
43, Reilly, Milborn, rmilborn16@woothemes.com, Male, 217.236.145.97, 
44, Culley, Giroldi, cgiroldi17@ehow.com, Male, 59.123.11.12, 
45, Johan, Mawne, jmawne18@freewebs.com, Male, 200.231.170.193, 
46, Wilt, Genn, wgenn19@skype.com, Male, 156.163.142.40, 
47, Francoise, Toderbrugge, ftoderbrugge1a@qq.com, Female, 12.47.219.142, 
48, Mabel, Antcliff, mantcliff1b@harvard.edu, Female, 75.169.213.138, 
49, Chevy, Morant, cmorant1c@apple.com, Male, 233.182.242.207, 
50, Alex, Renfree, arenfree1d@51.la, Female, 32.162.43.145, 
51, Ernest, Counihan, ecounihan1e@si.edu, Male, 231.75.146.11, 
52, Archibald, Goble, agoble1f@barnesandnoble.com, Male, 30.118.139.98, 
53, Werner, Parfrey, wparfrey1g@craigslist.org, Male, 32.248.223.230, 
54, Sammy, Toll, stoll1h@pcworld.com, Female, 238.137.156.195, 
55, Chelsie, Ickowics, cickowics1i@aboutads.info, Female, 150.238.231.154, 
56, Mitchell, Docket, mdocket1j@amazon.co.jp, Male, 71.22.219.241, 
57, Tabbie, Lewin, tlewin1k@prweb.com, Female, 5.105.96.140, 
58, Giulia, Woodruff, gwoodruff1l@google.ca, Female, 46.41.74.194, 
59, Damara, Borland, dborland1m@reverbnation.com, Female, 187.243.232.153, 
60, Nettie, Szachniewicz, nszachniewicz1n@reverbnation.com, Female, 6.244.206.230, 
61, Teodorico, Vidgen, tvidgen1o@examiner.com, Male, 38.65.111.65, 
62, Meryl, Bartens, mbartens1p@photobucket.com, Male, 146.96.11.98, 
63, Ardella, Witson, awitson1q@cargocollective.com, Female, 186.107.134.51, 
64, Halli, Opy, hopy1r@paginegialle.it, Female, 153.250.136.224, 
65, Israel, Creavin, icreavin1s@webnode.com, Male, 56.168.24.226, 
66, Jerome, Wenman, jwenman1t@sun.com, Male, 1.16.155.226, 
67, Kaspar, Cornick, kcornick1u@odnoklassniki.ru, Male, 94.45.229.87, 
68, Darnall, Onions, donions1v@slashdot.org, Male, 230.126.230.78, 
69, Jack, Kayne, jkayne1w@intel.com, Male, 224.172.50.153, 
70, Jenn, Deakes, jdeakes1x@tinyurl.com, Female, 123.78.199.168, 
71, Derrik, Woodsford, dwoodsford1y@paginegialle.it, Male, 188.247.2.13, 
72, Jeanelle, Grogor, jgrogor1z@prlog.org, Female, 45.91.227.156, 
73, Reinhard, Gerrill, rgerrill20@indiegogo.com, Male, 218.76.222.96, 
74, Drew, Real, dreal21@dailymail.co.uk, Male, 11.146.246.35, 
75, Stephannie, Niece, sniece22@nih.gov, Female, 215.54.203.243, 
76, Hammad, Worsfold, hworsfold23@gov.uk, Male, 73.215.108.211, 
77, Dani, Clorley, dclorley24@dion.ne.jp, Male, 108.144.152.172, 
78, Alanson, Banthorpe, abanthorpe25@netscape.com, Male, 248.89.138.114, 
79, Leanor, Endon, lendon26@zdnet.com, Female, 162.174.74.219, 
80, Audra, Aime, aaime27@newyorker.com, Female, 11.223.108.251, 
81, Fanchette, Cline, fcline28@boston.com, Female, 89.254.123.75, 
82, Fairleigh, Senchenko, fsenchenko29@bandcamp.com, Male, 32.133.118.219, 
83, Gretel, Habben, ghabben2a@army.mil, Female, 89.235.204.177, 
84, Hanson, Graddell, hgraddell2b@opensource.org, Male, 88.174.177.180, 
85, Thadeus, Petche, tpetche2c@dailymail.co.uk, Male, 215.117.129.160, 
86, Nelli, Schukraft, nschukraft2d@oakley.com, Female, 173.162.184.12, 
87, Hernando, Jedrzejewski, hjedrzejewski2e@un.org, Male, 135.112.104.4, 
88, Aubine, Rossant, arossant2f@mac.com, Female, 164.106.134.133, 
89, Ernie, Glanester, eglanester2g@auda.org.au, Male, 118.39.99.122, 
90, Dedra, Deverson, ddeverson2h@instagram.com, Female, 68.231.66.193, 
91, Beitris, Abelovitz, babelovitz2i@stanford.edu, Female, 231.105.170.145, 
92, Karoly, Jeness, kjeness2j@lycos.com, Male, 19.238.215.233, 
93, Kira, Shea, kshea2k@who.int, Female, 149.212.169.90, 
94, Davidde, Gimblett, dgimblett2l@stanford.edu, Male, 180.214.242.218, 
95, Carny, Gawthrope, cgawthrope2m@accuweather.com, Male, 166.227.228.164, 
96, Camey, Wyett, cwyett2n@senate.gov, Male, 36.28.144.188, 
97, Barret, Elesander, belesander2o@parallels.com, Male, 122.131.136.90, 
98, Deanna, Shevlane, dshevlane2p@marriott.com, Female, 124.196.31.171, 
99, Wyn, Philler, wphiller2q@networksolutions.com, Male, 10.124.34.64, 
100, Alysia, Tonn, atonn2r@1und1.de, Female, 26.80.34.119, 
